{"cameraMode":{"drawMode":0,"name":"Shaded","section":"Shading Mode"},"sceneLighting":false,"audioPlay":false,"sceneViewState":{"showFog":true,"showMaterialUpdate":false,"showSkybox":false,"showFlares":true,"showImageEffects":true,"showParticleSystems":true},"in2DMode":false,"pivot":{"x":-0.09339559078216553,"y":0.13377785682678224,"z":2.518066167831421},"rotation":{"x":-0.43864578008651736,"y":0.1881299614906311,"z":-0.09445676952600479,"w":-0.8736587166786194},"size":1.894787311553955,"orthographic":false}