{"cameraMode":{"drawMode":0,"name":"Shaded","section":"Shading Mode"},"sceneLighting":true,"audioPlay":false,"sceneViewState":{"showFog":true,"showMaterialUpdate":false,"showSkybox":false,"showFlares":true,"showImageEffects":true,"showParticleSystems":true},"in2DMode":false,"pivot":{"x":0.06319442391395569,"y":0.13003292679786683,"z":1.8180441856384278},"rotation":{"x":-0.25117504596710207,"y":0.4920698404312134,"z":-0.15076591074466706,"w":-0.8197863101959229},"size":0.3473111391067505,"orthographic":false}