{"cameraMode":{"drawMode":0,"name":"Shaded","section":"Shading Mode"},"sceneLighting":true,"audioPlay":false,"sceneViewState":{"showFog":true,"showMaterialUpdate":false,"showSkybox":true,"showFlares":true,"showImageEffects":true,"showParticleSystems":true},"in2DMode":false,"pivot":{"x":593.90576171875,"y":631.5228271484375,"z":34.0411376953125},"rotation":{"x":-0.10629695653915405,"y":0.360272079706192,"z":-0.041362788528203967,"w":-0.9258492588996887},"size":1057.6875,"orthographic":false}